{
  "properties": {
    "connectionReferences": {
      "shared_commondataserviceforapps": {
        "runtimeSource": "embedded",
        "connection": {
          "connectionReferenceLogicalName": "ug_sharedcommondataserviceforapps_abec4"
        },
        "api": {
          "name": "shared_commondataserviceforapps"
        }
      },
      "shared_office365": {
        "runtimeSource": "embedded",
        "connection": {
          "connectionReferenceLogicalName": "ug_sharedoffice365_959bb"
        },
        "api": {
          "name": "shared_office365"
        }
      }
    },
    "definition": {
      "$schema": "https://schema.management.azure.com/providers/Microsoft.Logic/schemas/2016-06-01/workflowdefinition.json#",
      "contentVersion": "1.0.0.0",
      "parameters": {
        "$connections": {
          "defaultValue": {},
          "type": "Object"
        },
        "$authentication": {
          "defaultValue": {},
          "type": "SecureObject"
        }
      },
      "triggers": {
        "When_a_row_is_added,_modified_or_deleted": {
          "metadata": {
            "operationMetadataId": "a131c58c-2c88-4ef7-90c1-c3695b600572"
          },
          "type": "OpenApiConnectionWebhook",
          "inputs": {
            "host": {
              "connectionName": "shared_commondataserviceforapps",
              "operationId": "SubscribeWebhookTrigger",
              "apiId": "/providers/Microsoft.PowerApps/apis/shared_commondataserviceforapps"
            },
            "parameters": {
              "subscriptionRequest/message": 4,
              "subscriptionRequest/entityname": "crb39_parkinginspection",
              "subscriptionRequest/scope": 1,
              "subscriptionRequest/postponeuntil": "@addMinutes(05)",
              "subscriptionRequest/runas": 3
            },
            "authentication": "@parameters('$authentication')"
          }
        }
      },
      "actions": {
        "Condition": {
          "actions": {
            "Get_a_row_by_ID_from_selected_environment": {
              "runAfter": {},
              "metadata": {
                "operationMetadataId": "60133b3e-5bcb-4e28-92e1-ad423cc57193"
              },
              "type": "OpenApiConnection",
              "inputs": {
                "host": {
                  "connectionName": "shared_commondataserviceforapps",
                  "operationId": "GetItemWithOrganization",
                  "apiId": "/providers/Microsoft.PowerApps/apis/shared_commondataserviceforapps"
                },
                "parameters": {
                  "organization": "https://org6ae1eca5.crm.dynamics.com",
                  "entityName": "crb39_parkingrequests",
                  "recordId": "@outputs('Compose')",
                  "$expand": "crb39_vehicle($select=crb39_vehiclename)"
                },
                "authentication": "@parameters('$authentication')"
              }
            }
          },
          "runAfter": {
            "Compose": [
              "Succeeded"
            ]
          },
          "expression": {
            "and": [
              {
                "equals": [
                  "@triggerOutputs()?['body/ug_invalidparking']",
                  "'No'"
                ]
              },
              {
                "equals": [
                  "@outputs('Compose')",
                  "@formatDateTime(utcNow(), 'yyyy-MM-dd')"
                ]
              }
            ]
          },
          "metadata": {
            "operationMetadataId": "581b153a-19e0-4cf9-949b-564e4ca2c501"
          },
          "type": "If"
        },
        "Compose": {
          "runAfter": {},
          "metadata": {
            "operationMetadataId": "a17aee59-4ec8-40c7-9367-f4e178a40e60"
          },
          "type": "Compose",
          "inputs": "@triggerOutputs()?['body/_crb39_parkingrequest_value@Microsoft.Dynamics.CRM.lookuplogicalname']"
        },
        "Send_an_email_(V2)": {
          "runAfter": {
            "Condition": [
              "Succeeded"
            ]
          },
          "metadata": {
            "operationMetadataId": "9d87e185-4bfb-4eaa-a6e2-aba8c983f942"
          },
          "type": "OpenApiConnection",
          "inputs": {
            "host": {
              "connectionName": "shared_office365",
              "operationId": "SendEmailV2",
              "apiId": "/providers/Microsoft.PowerApps/apis/shared_office365"
            },
            "parameters": {
              "emailMessage/To": "uchebuwa@camanda.org",
              "emailMessage/Subject": "Parking Request Confirmation <@{triggerOutputs()?['body/_crb39_vehicle_type']}>",
              "emailMessage/Body": "<p>Please be advised that your parking request for vehicle {@{triggerOutputs()?['body/_crb39_vehicle_type']}} today has been granted.<br>\nRequest ID: {@{triggerOutputs()?['body/_crb39_parkingrequest_value']}}<br>\n<br>\nMany thanks,<br>\nContoso School Administration</p>",
              "emailMessage/Importance": "Normal"
            },
            "authentication": "@parameters('$authentication')"
          }
        }
      }
    },
    "templateName": ""
  },
  "schemaVersion": "1.0.0.0"
}